70001,theirishsun,2022-07-15T11:28:00.220Z
50002,theirishsun,2022-07-15T11:28:00.220Z
50003,theirishsun,2022-07-15T11:28:00.220Z
50004,theirishsun,2022-07-15T11:28:00.220Z
50005,theirishsun,2022-07-15T11:28:00.220Z
50006,theirishsun,2022-07-15T11:28:00.220Z
50007,theirishsun,2022-07-15T11:28:00.220Z
50008,theirishsun,2022-07-15T11:28:00.220Z
50009,theirishsun,2022-07-15T11:28:00.220Z
50010,theirishsun,2022-07-15T11:28:00.220Z
50011,theirishsun,2022-07-15T11:28:00.220Z
50012,theirishsun,2022-07-15T11:28:00.220Z
50013,theirishsun,2022-07-15T11:28:00.220Z
50014,theirishsun,2022-07-15T11:28:00.220Z
50015,theirishsun,2022-07-15T11:28:00.220Z
50016,theirishsun,2022-07-15T11:28:00.220Z
50017,theirishsun,2022-07-15T11:28:00.220Z
50018,theirishsun,2022-07-15T11:28:00.220Z
50019,theirishsun,2022-07-15T11:28:00.220Z
50020,theirishsun,2022-07-15T11:28:00.220Z
50021,theirishsun,2022-07-15T11:28:00.220Z
50022,theirishsun,2022-07-15T11:28:00.220Z
50023,theirishsun,2022-07-15T11:28:00.220Z
50024,theirishsun,2022-07-15T11:28:00.220Z
50025,theirishsun,2022-07-15T11:28:00.220Z
50026,theirishsun,2022-07-15T11:28:00.220Z
50027,theirishsun,2022-07-15T11:28:00.220Z
50028,theirishsun,2022-07-15T11:28:00.220Z
50029,theirishsun,2022-07-15T11:28:00.220Z
50030,theirishsun,2022-07-15T11:28:00.220Z
50031,theirishsun,2022-07-15T11:28:00.220Z
50032,theirishsun,2022-07-15T11:28:00.220Z
50033,theirishsun,2022-07-15T11:28:00.220Z
50034,theirishsun,2022-07-15T11:28:00.220Z
50035,theirishsun,2022-07-15T11:28:00.220Z
50036,theirishsun,2022-07-15T11:28:00.220Z
50037,theirishsun,2022-07-15T11:28:00.220Z
50038,theirishsun,2022-07-15T11:28:00.220Z
50039,theirishsun,2022-07-15T11:28:00.220Z
50040,theirishsun,2022-07-15T11:28:00.220Z
50041,theirishsun,2022-07-15T11:28:00.220Z
50042,theirishsun,2022-07-15T11:28:00.220Z
50043,theirishsun,2022-07-15T11:28:00.220Z
50044,theirishsun,2022-07-15T11:28:00.220Z
50045,theirishsun,2022-07-15T11:28:00.220Z
50046,theirishsun,2022-07-15T11:28:00.220Z
50047,theirishsun,2022-07-15T11:28:00.220Z
50048,theirishsun,2022-07-15T11:28:00.220Z
50049,theirishsun,2022-07-15T11:28:00.220Z
50050,theirishsun,2022-07-15T11:28:00.220Z
50051,theirishsun,2022-07-15T11:28:00.220Z
50052,theirishsun,2022-07-15T11:28:00.220Z
50053,theirishsun,2022-07-15T11:28:00.220Z
50054,theirishsun,2022-07-15T11:28:00.220Z
50055,theirishsun,2022-07-15T11:28:00.220Z
50056,theirishsun,2022-07-15T11:28:00.220Z
50057,theirishsun,2022-07-15T11:28:00.220Z
50058,theirishsun,2022-07-15T11:28:00.220Z
50059,theirishsun,2022-07-15T11:28:00.220Z
50060,theirishsun,2022-07-15T11:28:00.220Z
50061,theirishsun,2022-07-15T11:28:00.220Z
50062,theirishsun,2022-07-15T11:28:00.220Z
50063,theirishsun,2022-07-15T11:28:00.220Z
50064,theirishsun,2022-07-15T11:28:00.220Z
50065,theirishsun,2022-07-15T11:28:00.220Z
50066,theirishsun,2022-07-15T11:28:00.220Z
50067,theirishsun,2022-07-15T11:28:00.220Z
50068,theirishsun,2022-07-15T11:28:00.220Z
50069,theirishsun,2022-07-15T11:28:00.220Z
50070,theirishsun,2022-07-15T11:28:00.220Z
50071,theirishsun,2022-07-15T11:28:00.220Z
50072,theirishsun,2022-07-15T11:28:00.220Z
50073,theirishsun,2022-07-15T11:28:00.220Z
50074,theirishsun,2022-07-15T11:28:00.220Z
50075,theirishsun,2022-07-15T11:28:00.220Z
50076,theirishsun,2022-07-15T11:28:00.220Z
50077,theirishsun,2022-07-15T11:28:00.220Z
50078,theirishsun,2022-07-15T11:28:00.220Z
50079,theirishsun,2022-07-15T11:28:00.220Z
50080,theirishsun,2022-07-15T11:28:00.220Z
50081,theirishsun,2022-07-15T11:28:00.220Z
50082,theirishsun,2022-07-15T11:28:00.220Z
50083,theirishsun,2022-07-15T11:28:00.220Z
50084,theirishsun,2022-07-15T11:28:00.220Z
50085,theirishsun,2022-07-15T11:28:00.220Z
50086,theirishsun,2022-07-15T11:28:00.220Z
50087,theirishsun,2022-07-15T11:28:00.220Z
50088,theirishsun,2022-07-15T11:28:00.220Z
50089,theirishsun,2022-07-15T11:28:00.220Z
50090,theirishsun,2022-07-15T11:28:00.220Z
50091,theirishsun,2022-07-15T11:28:00.220Z
50092,theirishsun,2022-07-15T11:28:00.220Z
50093,theirishsun,2022-07-15T11:28:00.220Z
50094,theirishsun,2022-07-15T11:28:00.220Z
50095,theirishsun,2022-07-15T11:28:00.220Z
50096,theirishsun,2022-07-15T11:28:00.220Z
50097,theirishsun,2022-07-15T11:28:00.220Z
50098,theirishsun,2022-07-15T11:28:00.220Z
50099,theirishsun,2022-07-15T11:28:00.220Z
50100,theirishsun,2022-07-15T11:28:00.220Z
50101,theirishsun,2022-07-15T11:28:00.220Z
50102,theirishsun,2022-07-15T11:28:00.220Z
50103,theirishsun,2022-07-15T11:28:00.220Z
50104,theirishsun,2022-07-15T11:28:00.220Z
50105,theirishsun,2022-07-15T11:28:00.220Z
50106,theirishsun,2022-07-15T11:28:00.220Z
50107,theirishsun,2022-07-15T11:28:00.220Z
50108,theirishsun,2022-07-15T11:28:00.220Z
50109,theirishsun,2022-07-15T11:28:00.220Z
50110,theirishsun,2022-07-15T11:28:00.220Z
50111,theirishsun,2022-07-15T11:28:00.220Z
50112,theirishsun,2022-07-15T11:28:00.220Z
50113,theirishsun,2022-07-15T11:28:00.220Z
50114,theirishsun,2022-07-15T11:28:00.220Z
50115,theirishsun,2022-07-15T11:28:00.220Z
50116,theirishsun,2022-07-15T11:28:00.220Z
50117,theirishsun,2022-07-15T11:28:00.220Z
50118,theirishsun,2022-07-15T11:28:00.220Z
50119,theirishsun,2022-07-15T11:28:00.220Z
50120,theirishsun,2022-07-15T11:28:00.220Z
50121,theirishsun,2022-07-15T11:28:00.220Z
50122,theirishsun,2022-07-15T11:28:00.220Z
50123,theirishsun,2022-07-15T11:28:00.220Z
50124,theirishsun,2022-07-15T11:28:00.220Z
50125,theirishsun,2022-07-15T11:28:00.220Z
50126,theirishsun,2022-07-15T11:28:00.220Z
50127,theirishsun,2022-07-15T11:28:00.220Z
50128,theirishsun,2022-07-15T11:28:00.220Z
50129,theirishsun,2022-07-15T11:28:00.220Z
50130,theirishsun,2022-07-15T11:28:00.220Z
50131,theirishsun,2022-07-15T11:28:00.220Z
50132,theirishsun,2022-07-15T11:28:00.220Z
50133,theirishsun,2022-07-15T11:28:00.220Z
50134,theirishsun,2022-07-15T11:28:00.220Z
50135,theirishsun,2022-07-15T11:28:00.220Z
50136,theirishsun,2022-07-15T11:28:00.220Z
50137,theirishsun,2022-07-15T11:28:00.220Z
50138,theirishsun,2022-07-15T11:28:00.220Z
50139,theirishsun,2022-07-15T11:28:00.220Z
50140,theirishsun,2022-07-15T11:28:00.220Z
50141,theirishsun,2022-07-15T11:28:00.220Z
50142,theirishsun,2022-07-15T11:28:00.220Z
50143,theirishsun,2022-07-15T11:28:00.220Z
50144,theirishsun,2022-07-15T11:28:00.220Z
50145,theirishsun,2022-07-15T11:28:00.220Z
50146,theirishsun,2022-07-15T11:28:00.220Z
50147,theirishsun,2022-07-15T11:28:00.220Z
50148,theirishsun,2022-07-15T11:28:00.220Z
50149,theirishsun,2022-07-15T11:28:00.220Z
50150,theirishsun,2022-07-15T11:28:00.220Z
50151,theirishsun,2022-07-15T11:28:00.220Z
50152,theirishsun,2022-07-15T11:28:00.220Z
50153,theirishsun,2022-07-15T11:28:00.220Z
50154,theirishsun,2022-07-15T11:28:00.220Z
50155,theirishsun,2022-07-15T11:28:00.220Z
50156,theirishsun,2022-07-15T11:28:00.220Z
50157,theirishsun,2022-07-15T11:28:00.220Z
50158,theirishsun,2022-07-15T11:28:00.220Z
50159,theirishsun,2022-07-15T11:28:00.220Z
50160,theirishsun,2022-07-15T11:28:00.220Z
50161,theirishsun,2022-07-15T11:28:00.220Z
50162,theirishsun,2022-07-15T11:28:00.220Z
50163,theirishsun,2022-07-15T11:28:00.220Z
50164,theirishsun,2022-07-15T11:28:00.220Z
50165,theirishsun,2022-07-15T11:28:00.220Z
50166,theirishsun,2022-07-15T11:28:00.220Z
50167,theirishsun,2022-07-15T11:28:00.220Z
50168,theirishsun,2022-07-15T11:28:00.220Z
50169,theirishsun,2022-07-15T11:28:00.220Z
50170,theirishsun,2022-07-15T11:28:00.220Z
50171,theirishsun,2022-07-15T11:28:00.220Z
50172,theirishsun,2022-07-15T11:28:00.220Z
50173,theirishsun,2022-07-15T11:28:00.220Z
50174,theirishsun,2022-07-15T11:28:00.220Z
50175,theirishsun,2022-07-15T11:28:00.220Z
50176,theirishsun,2022-07-15T11:28:00.220Z
50177,theirishsun,2022-07-15T11:28:00.220Z
50178,theirishsun,2022-07-15T11:28:00.220Z
50179,theirishsun,2022-07-15T11:28:00.220Z
50180,theirishsun,2022-07-15T11:28:00.220Z
50181,theirishsun,2022-07-15T11:28:00.220Z
50182,theirishsun,2022-07-15T11:28:00.220Z
50183,theirishsun,2022-07-15T11:28:00.220Z
50184,theirishsun,2022-07-15T11:28:00.220Z
50185,theirishsun,2022-07-15T11:28:00.220Z
50186,theirishsun,2022-07-15T11:28:00.220Z
50187,theirishsun,2022-07-15T11:28:00.220Z
50188,theirishsun,2022-07-15T11:28:00.220Z
50189,theirishsun,2022-07-15T11:28:00.220Z
50190,theirishsun,2022-07-15T11:28:00.220Z
50191,theirishsun,2022-07-15T11:28:00.220Z
50192,theirishsun,2022-07-15T11:28:00.220Z
50193,theirishsun,2022-07-15T11:28:00.220Z
50194,theirishsun,2022-07-15T11:28:00.220Z
50195,theirishsun,2022-07-15T11:28:00.220Z
50196,theirishsun,2022-07-15T11:28:00.220Z
50197,theirishsun,2022-07-15T11:28:00.220Z
50198,theirishsun,2022-07-15T11:28:00.220Z
50199,theirishsun,2022-07-15T11:28:00.220Z
50200,theirishsun,2022-07-15T11:28:00.220Z
50201,theirishsun,2022-07-15T11:28:00.220Z
50202,theirishsun,2022-07-15T11:28:00.220Z
50203,theirishsun,2022-07-15T11:28:00.220Z
50204,theirishsun,2022-07-15T11:28:00.220Z
50205,theirishsun,2022-07-15T11:28:00.220Z
50206,theirishsun,2022-07-15T11:28:00.220Z
50207,theirishsun,2022-07-15T11:28:00.220Z
50208,theirishsun,2022-07-15T11:28:00.220Z
50209,theirishsun,2022-07-15T11:28:00.220Z
50210,theirishsun,2022-07-15T11:28:00.220Z
50211,theirishsun,2022-07-15T11:28:00.220Z
50212,theirishsun,2022-07-15T11:28:00.220Z
50213,theirishsun,2022-07-15T11:28:00.220Z
50214,theirishsun,2022-07-15T11:28:00.220Z
50215,theirishsun,2022-07-15T11:28:00.220Z
50216,theirishsun,2022-07-15T11:28:00.220Z
50217,theirishsun,2022-07-15T11:28:00.220Z
50218,theirishsun,2022-07-15T11:28:00.220Z
50219,theirishsun,2022-07-15T11:28:00.220Z
50220,theirishsun,2022-07-15T11:28:00.220Z
50221,theirishsun,2022-07-15T11:28:00.220Z
50222,theirishsun,2022-07-15T11:28:00.220Z
50223,theirishsun,2022-07-15T11:28:00.220Z
50224,theirishsun,2022-07-15T11:28:00.220Z
50225,theirishsun,2022-07-15T11:28:00.220Z
50226,theirishsun,2022-07-15T11:28:00.220Z
50227,theirishsun,2022-07-15T11:28:00.220Z
50228,theirishsun,2022-07-15T11:28:00.220Z
50229,theirishsun,2022-07-15T11:28:00.220Z
50230,theirishsun,2022-07-15T11:28:00.220Z
50231,theirishsun,2022-07-15T11:28:00.220Z
50232,theirishsun,2022-07-15T11:28:00.220Z
50233,theirishsun,2022-07-15T11:28:00.220Z
50234,theirishsun,2022-07-15T11:28:00.220Z
50235,theirishsun,2022-07-15T11:28:00.220Z
50236,theirishsun,2022-07-15T11:28:00.220Z
50237,theirishsun,2022-07-15T11:28:00.220Z
50238,theirishsun,2022-07-15T11:28:00.220Z
50239,theirishsun,2022-07-15T11:28:00.220Z
50240,theirishsun,2022-07-15T11:28:00.220Z
50241,theirishsun,2022-07-15T11:28:00.220Z
50242,theirishsun,2022-07-15T11:28:00.220Z
50243,theirishsun,2022-07-15T11:28:00.220Z
50244,theirishsun,2022-07-15T11:28:00.220Z
50245,theirishsun,2022-07-15T11:28:00.220Z
50246,theirishsun,2022-07-15T11:28:00.220Z
50247,theirishsun,2022-07-15T11:28:00.220Z
50248,theirishsun,2022-07-15T11:28:00.220Z
50249,theirishsun,2022-07-15T11:28:00.220Z
50250,theirishsun,2022-07-15T11:28:00.220Z
50251,theirishsun,2022-07-15T11:28:00.220Z
50252,theirishsun,2022-07-15T11:28:00.220Z
50253,theirishsun,2022-07-15T11:28:00.220Z
50254,theirishsun,2022-07-15T11:28:00.220Z
50255,theirishsun,2022-07-15T11:28:00.220Z
50256,theirishsun,2022-07-15T11:28:00.220Z
50257,theirishsun,2022-07-15T11:28:00.220Z
50258,theirishsun,2022-07-15T11:28:00.220Z
50259,theirishsun,2022-07-15T11:28:00.220Z
50260,theirishsun,2022-07-15T11:28:00.220Z
50261,theirishsun,2022-07-15T11:28:00.220Z
50262,theirishsun,2022-07-15T11:28:00.220Z
50263,theirishsun,2022-07-15T11:28:00.220Z
50264,theirishsun,2022-07-15T11:28:00.220Z
50265,theirishsun,2022-07-15T11:28:00.220Z
50266,theirishsun,2022-07-15T11:28:00.220Z
50267,theirishsun,2022-07-15T11:28:00.220Z
50268,theirishsun,2022-07-15T11:28:00.220Z
50269,theirishsun,2022-07-15T11:28:00.220Z
50270,theirishsun,2022-07-15T11:28:00.220Z
50271,theirishsun,2022-07-15T11:28:00.220Z
50272,theirishsun,2022-07-15T11:28:00.220Z
50273,theirishsun,2022-07-15T11:28:00.220Z
50274,theirishsun,2022-07-15T11:28:00.220Z
50275,theirishsun,2022-07-15T11:28:00.220Z
50276,theirishsun,2022-07-15T11:28:00.220Z
50277,theirishsun,2022-07-15T11:28:00.220Z
50278,theirishsun,2022-07-15T11:28:00.220Z
50279,theirishsun,2022-07-15T11:28:00.220Z
50280,theirishsun,2022-07-15T11:28:00.220Z
50281,theirishsun,2022-07-15T11:28:00.220Z
50282,theirishsun,2022-07-15T11:28:00.220Z
50283,theirishsun,2022-07-15T11:28:00.220Z
50284,theirishsun,2022-07-15T11:28:00.220Z
50285,theirishsun,2022-07-15T11:28:00.220Z
50286,theirishsun,2022-07-15T11:28:00.220Z
50287,theirishsun,2022-07-15T11:28:00.220Z
50288,theirishsun,2022-07-15T11:28:00.220Z
50289,theirishsun,2022-07-15T11:28:00.220Z
50290,theirishsun,2022-07-15T11:28:00.220Z
50291,theirishsun,2022-07-15T11:28:00.220Z
50292,theirishsun,2022-07-15T11:28:00.220Z
50293,theirishsun,2022-07-15T11:28:00.220Z
50294,theirishsun,2022-07-15T11:28:00.220Z
50295,theirishsun,2022-07-15T11:28:00.220Z
50296,theirishsun,2022-07-15T11:28:00.220Z
50297,theirishsun,2022-07-15T11:28:00.220Z
50298,theirishsun,2022-07-15T11:28:00.220Z
50299,theirishsun,2022-07-15T11:28:00.220Z
50300,theirishsun,2022-07-15T11:28:00.220Z
50301,theirishsun,2022-07-15T11:28:00.220Z
50302,theirishsun,2022-07-15T11:28:00.220Z
50303,theirishsun,2022-07-15T11:28:00.220Z
50304,theirishsun,2022-07-15T11:28:00.220Z
50305,theirishsun,2022-07-15T11:28:00.220Z
50306,theirishsun,2022-07-15T11:28:00.220Z
50307,theirishsun,2022-07-15T11:28:00.220Z
50308,theirishsun,2022-07-15T11:28:00.220Z
50309,theirishsun,2022-07-15T11:28:00.220Z
50310,theirishsun,2022-07-15T11:28:00.220Z
50311,theirishsun,2022-07-15T11:28:00.220Z
50312,theirishsun,2022-07-15T11:28:00.220Z
50313,theirishsun,2022-07-15T11:28:00.220Z
50314,theirishsun,2022-07-15T11:28:00.220Z
50315,theirishsun,2022-07-15T11:28:00.220Z
50316,theirishsun,2022-07-15T11:28:00.220Z
50317,theirishsun,2022-07-15T11:28:00.220Z
50318,theirishsun,2022-07-15T11:28:00.220Z
50319,theirishsun,2022-07-15T11:28:00.220Z
50320,theirishsun,2022-07-15T11:28:00.220Z
50321,theirishsun,2022-07-15T11:28:00.220Z
50322,theirishsun,2022-07-15T11:28:00.220Z
50323,theirishsun,2022-07-15T11:28:00.220Z
50324,theirishsun,2022-07-15T11:28:00.220Z
50325,theirishsun,2022-07-15T11:28:00.220Z
50326,theirishsun,2022-07-15T11:28:00.220Z
50327,theirishsun,2022-07-15T11:28:00.220Z
50328,theirishsun,2022-07-15T11:28:00.220Z
50329,theirishsun,2022-07-15T11:28:00.220Z
50330,theirishsun,2022-07-15T11:28:00.220Z
50331,theirishsun,2022-07-15T11:28:00.220Z
50332,theirishsun,2022-07-15T11:28:00.220Z
50333,theirishsun,2022-07-15T11:28:00.220Z
50334,theirishsun,2022-07-15T11:28:00.220Z
50335,theirishsun,2022-07-15T11:28:00.220Z
50336,theirishsun,2022-07-15T11:28:00.220Z
50337,theirishsun,2022-07-15T11:28:00.220Z
50338,theirishsun,2022-07-15T11:28:00.220Z
50339,theirishsun,2022-07-15T11:28:00.220Z
50340,theirishsun,2022-07-15T11:28:00.220Z
50341,theirishsun,2022-07-15T11:28:00.220Z
50342,theirishsun,2022-07-15T11:28:00.220Z
50343,theirishsun,2022-07-15T11:28:00.220Z
50344,theirishsun,2022-07-15T11:28:00.220Z
50345,theirishsun,2022-07-15T11:28:00.220Z
50346,theirishsun,2022-07-15T11:28:00.220Z
50347,theirishsun,2022-07-15T11:28:00.220Z
50348,theirishsun,2022-07-15T11:28:00.220Z
50349,theirishsun,2022-07-15T11:28:00.220Z
50350,theirishsun,2022-07-15T11:28:00.220Z
50351,theirishsun,2022-07-15T11:28:00.220Z
50352,theirishsun,2022-07-15T11:28:00.220Z
50353,theirishsun,2022-07-15T11:28:00.220Z
50354,theirishsun,2022-07-15T11:28:00.220Z
50355,theirishsun,2022-07-15T11:28:00.220Z
50356,theirishsun,2022-07-15T11:28:00.220Z
50357,theirishsun,2022-07-15T11:28:00.220Z
50358,theirishsun,2022-07-15T11:28:00.220Z
50359,theirishsun,2022-07-15T11:28:00.220Z
50360,theirishsun,2022-07-15T11:28:00.220Z
50361,theirishsun,2022-07-15T11:28:00.220Z
50362,theirishsun,2022-07-15T11:28:00.220Z
50363,theirishsun,2022-07-15T11:28:00.220Z
50364,theirishsun,2022-07-15T11:28:00.220Z
50365,theirishsun,2022-07-15T11:28:00.220Z
50366,theirishsun,2022-07-15T11:28:00.220Z
50367,theirishsun,2022-07-15T11:28:00.220Z
50368,theirishsun,2022-07-15T11:28:00.220Z
50369,theirishsun,2022-07-15T11:28:00.220Z
50370,theirishsun,2022-07-15T11:28:00.220Z
50371,theirishsun,2022-07-15T11:28:00.220Z
50372,theirishsun,2022-07-15T11:28:00.220Z
50373,theirishsun,2022-07-15T11:28:00.220Z
50374,theirishsun,2022-07-15T11:28:00.220Z
50375,theirishsun,2022-07-15T11:28:00.220Z
50376,theirishsun,2022-07-15T11:28:00.220Z
50377,theirishsun,2022-07-15T11:28:00.220Z
50378,theirishsun,2022-07-15T11:28:00.220Z
50379,theirishsun,2022-07-15T11:28:00.220Z
50380,theirishsun,2022-07-15T11:28:00.220Z
50381,theirishsun,2022-07-15T11:28:00.220Z
50382,theirishsun,2022-07-15T11:28:00.220Z
50383,theirishsun,2022-07-15T11:28:00.220Z
50384,theirishsun,2022-07-15T11:28:00.220Z
50385,theirishsun,2022-07-15T11:28:00.220Z
50386,theirishsun,2022-07-15T11:28:00.220Z
50387,theirishsun,2022-07-15T11:28:00.220Z
50388,theirishsun,2022-07-15T11:28:00.220Z
50389,theirishsun,2022-07-15T11:28:00.220Z
50390,theirishsun,2022-07-15T11:28:00.220Z
50391,theirishsun,2022-07-15T11:28:00.220Z
50392,theirishsun,2022-07-15T11:28:00.220Z
50393,theirishsun,2022-07-15T11:28:00.220Z
50394,theirishsun,2022-07-15T11:28:00.220Z
50395,theirishsun,2022-07-15T11:28:00.220Z
50396,theirishsun,2022-07-15T11:28:00.220Z
50397,theirishsun,2022-07-15T11:28:00.220Z
50398,theirishsun,2022-07-15T11:28:00.220Z
50399,theirishsun,2022-07-15T11:28:00.220Z
50400,theirishsun,2022-07-15T11:28:00.220Z
50401,theirishsun,2022-07-15T11:28:00.220Z
50402,theirishsun,2022-07-15T11:28:00.220Z
50403,theirishsun,2022-07-15T11:28:00.220Z
50404,theirishsun,2022-07-15T11:28:00.220Z
50405,theirishsun,2022-07-15T11:28:00.220Z
50406,theirishsun,2022-07-15T11:28:00.220Z
50407,theirishsun,2022-07-15T11:28:00.220Z
50408,theirishsun,2022-07-15T11:28:00.220Z
50409,theirishsun,2022-07-15T11:28:00.220Z
50410,theirishsun,2022-07-15T11:28:00.220Z
50411,theirishsun,2022-07-15T11:28:00.220Z
50412,theirishsun,2022-07-15T11:28:00.220Z
50413,theirishsun,2022-07-15T11:28:00.220Z
50414,theirishsun,2022-07-15T11:28:00.220Z
50415,theirishsun,2022-07-15T11:28:00.220Z
50416,theirishsun,2022-07-15T11:28:00.220Z
50417,theirishsun,2022-07-15T11:28:00.220Z
50418,theirishsun,2022-07-15T11:28:00.220Z
50419,theirishsun,2022-07-15T11:28:00.220Z
50420,theirishsun,2022-07-15T11:28:00.220Z
50421,theirishsun,2022-07-15T11:28:00.220Z
50422,theirishsun,2022-07-15T11:28:00.220Z
50423,theirishsun,2022-07-15T11:28:00.220Z
50424,theirishsun,2022-07-15T11:28:00.220Z
50425,theirishsun,2022-07-15T11:28:00.220Z
50426,theirishsun,2022-07-15T11:28:00.220Z
50427,theirishsun,2022-07-15T11:28:00.220Z
50428,theirishsun,2022-07-15T11:28:00.220Z
50429,theirishsun,2022-07-15T11:28:00.220Z
50430,theirishsun,2022-07-15T11:28:00.220Z
50431,theirishsun,2022-07-15T11:28:00.220Z
50432,theirishsun,2022-07-15T11:28:00.220Z
50433,theirishsun,2022-07-15T11:28:00.220Z
50434,theirishsun,2022-07-15T11:28:00.220Z
50435,theirishsun,2022-07-15T11:28:00.220Z
50436,theirishsun,2022-07-15T11:28:00.220Z
50437,theirishsun,2022-07-15T11:28:00.220Z
50438,theirishsun,2022-07-15T11:28:00.220Z
50439,theirishsun,2022-07-15T11:28:00.220Z
50440,theirishsun,2022-07-15T11:28:00.220Z
50441,theirishsun,2022-07-15T11:28:00.220Z
50442,theirishsun,2022-07-15T11:28:00.220Z
50443,theirishsun,2022-07-15T11:28:00.220Z
50444,theirishsun,2022-07-15T11:28:00.220Z
50445,theirishsun,2022-07-15T11:28:00.220Z
50446,theirishsun,2022-07-15T11:28:00.220Z
50447,theirishsun,2022-07-15T11:28:00.220Z
50448,theirishsun,2022-07-15T11:28:00.220Z
50449,theirishsun,2022-07-15T11:28:00.220Z
50450,theirishsun,2022-07-15T11:28:00.220Z
50451,theirishsun,2022-07-15T11:28:00.220Z
50452,theirishsun,2022-07-15T11:28:00.220Z
50453,theirishsun,2022-07-15T11:28:00.220Z
50454,theirishsun,2022-07-15T11:28:00.220Z
50455,theirishsun,2022-07-15T11:28:00.220Z
50456,theirishsun,2022-07-15T11:28:00.220Z
50457,theirishsun,2022-07-15T11:28:00.220Z
50458,theirishsun,2022-07-15T11:28:00.220Z
50459,theirishsun,2022-07-15T11:28:00.220Z
50460,theirishsun,2022-07-15T11:28:00.220Z
50461,theirishsun,2022-07-15T11:28:00.220Z
50462,theirishsun,2022-07-15T11:28:00.220Z
50463,theirishsun,2022-07-15T11:28:00.220Z
50464,theirishsun,2022-07-15T11:28:00.220Z
50465,theirishsun,2022-07-15T11:28:00.220Z
50466,theirishsun,2022-07-15T11:28:00.220Z
50467,theirishsun,2022-07-15T11:28:00.220Z
50468,theirishsun,2022-07-15T11:28:00.220Z
50469,theirishsun,2022-07-15T11:28:00.220Z
50470,theirishsun,2022-07-15T11:28:00.220Z
50471,theirishsun,2022-07-15T11:28:00.220Z
50472,theirishsun,2022-07-15T11:28:00.220Z
50473,theirishsun,2022-07-15T11:28:00.220Z
50474,theirishsun,2022-07-15T11:28:00.220Z
50475,theirishsun,2022-07-15T11:28:00.220Z
50476,theirishsun,2022-07-15T11:28:00.220Z
50477,theirishsun,2022-07-15T11:28:00.220Z
50478,theirishsun,2022-07-15T11:28:00.220Z
50479,theirishsun,2022-07-15T11:28:00.220Z
50480,theirishsun,2022-07-15T11:28:00.220Z
50481,theirishsun,2022-07-15T11:28:00.220Z
50482,theirishsun,2022-07-15T11:28:00.220Z
50483,theirishsun,2022-07-15T11:28:00.220Z
50484,theirishsun,2022-07-15T11:28:00.220Z
50485,theirishsun,2022-07-15T11:28:00.220Z
50486,theirishsun,2022-07-15T11:28:00.220Z
50487,theirishsun,2022-07-15T11:28:00.220Z
50488,theirishsun,2022-07-15T11:28:00.220Z
50489,theirishsun,2022-07-15T11:28:00.220Z
50490,theirishsun,2022-07-15T11:28:00.220Z
50491,theirishsun,2022-07-15T11:28:00.220Z
50492,theirishsun,2022-07-15T11:28:00.220Z
50493,theirishsun,2022-07-15T11:28:00.220Z
50494,theirishsun,2022-07-15T11:28:00.220Z
50495,theirishsun,2022-07-15T11:28:00.220Z
50496,theirishsun,2022-07-15T11:28:00.220Z
50497,theirishsun,2022-07-15T11:28:00.220Z
50498,theirishsun,2022-07-15T11:28:00.220Z
50499,theirishsun,2022-07-15T11:28:00.220Z
50500,theirishsun,2022-07-15T11:28:00.220Z
50501,theirishsun,2022-07-15T11:28:00.220Z
50502,theirishsun,2022-07-15T11:28:00.220Z
50503,theirishsun,2022-07-15T11:28:00.220Z
50504,theirishsun,2022-07-15T11:28:00.220Z
50505,theirishsun,2022-07-15T11:28:00.220Z
50506,theirishsun,2022-07-15T11:28:00.220Z
50507,theirishsun,2022-07-15T11:28:00.220Z
50508,theirishsun,2022-07-15T11:28:00.220Z
50509,theirishsun,2022-07-15T11:28:00.220Z
50510,theirishsun,2022-07-15T11:28:00.220Z
50511,theirishsun,2022-07-15T11:28:00.220Z
50512,theirishsun,2022-07-15T11:28:00.220Z
50513,theirishsun,2022-07-15T11:28:00.220Z
50514,theirishsun,2022-07-15T11:28:00.220Z
50515,theirishsun,2022-07-15T11:28:00.220Z
50516,theirishsun,2022-07-15T11:28:00.220Z
50517,theirishsun,2022-07-15T11:28:00.220Z
50518,theirishsun,2022-07-15T11:28:00.220Z
50519,theirishsun,2022-07-15T11:28:00.220Z
50520,theirishsun,2022-07-15T11:28:00.220Z
50521,theirishsun,2022-07-15T11:28:00.220Z
50522,theirishsun,2022-07-15T11:28:00.220Z
50523,theirishsun,2022-07-15T11:28:00.220Z
50524,theirishsun,2022-07-15T11:28:00.220Z
50525,theirishsun,2022-07-15T11:28:00.220Z
50526,theirishsun,2022-07-15T11:28:00.220Z
50527,theirishsun,2022-07-15T11:28:00.220Z
50528,theirishsun,2022-07-15T11:28:00.220Z
50529,theirishsun,2022-07-15T11:28:00.220Z
50530,theirishsun,2022-07-15T11:28:00.220Z
50531,theirishsun,2022-07-15T11:28:00.220Z
50532,theirishsun,2022-07-15T11:28:00.220Z
50533,theirishsun,2022-07-15T11:28:00.220Z
50534,theirishsun,2022-07-15T11:28:00.220Z
50535,theirishsun,2022-07-15T11:28:00.220Z
50536,theirishsun,2022-07-15T11:28:00.220Z
50537,theirishsun,2022-07-15T11:28:00.220Z
50538,theirishsun,2022-07-15T11:28:00.220Z
50539,theirishsun,2022-07-15T11:28:00.220Z
50540,theirishsun,2022-07-15T11:28:00.220Z
50541,theirishsun,2022-07-15T11:28:00.220Z
50542,theirishsun,2022-07-15T11:28:00.220Z
50543,theirishsun,2022-07-15T11:28:00.220Z
50544,theirishsun,2022-07-15T11:28:00.220Z
50545,theirishsun,2022-07-15T11:28:00.220Z
50546,theirishsun,2022-07-15T11:28:00.220Z
50547,theirishsun,2022-07-15T11:28:00.220Z
50548,theirishsun,2022-07-15T11:28:00.220Z
50549,theirishsun,2022-07-15T11:28:00.220Z
50550,theirishsun,2022-07-15T11:28:00.220Z
50551,theirishsun,2022-07-15T11:28:00.220Z
50552,theirishsun,2022-07-15T11:28:00.220Z
50553,theirishsun,2022-07-15T11:28:00.220Z
50554,theirishsun,2022-07-15T11:28:00.220Z
50555,theirishsun,2022-07-15T11:28:00.220Z
50556,theirishsun,2022-07-15T11:28:00.220Z
50557,theirishsun,2022-07-15T11:28:00.220Z
50558,theirishsun,2022-07-15T11:28:00.220Z
50559,theirishsun,2022-07-15T11:28:00.220Z
50560,theirishsun,2022-07-15T11:28:00.220Z
50561,theirishsun,2022-07-15T11:28:00.220Z
50562,theirishsun,2022-07-15T11:28:00.220Z
50563,theirishsun,2022-07-15T11:28:00.220Z
50564,theirishsun,2022-07-15T11:28:00.220Z
50565,theirishsun,2022-07-15T11:28:00.220Z
50566,theirishsun,2022-07-15T11:28:00.220Z
50567,theirishsun,2022-07-15T11:28:00.220Z
50568,theirishsun,2022-07-15T11:28:00.220Z
50569,theirishsun,2022-07-15T11:28:00.220Z
50570,theirishsun,2022-07-15T11:28:00.220Z
50571,theirishsun,2022-07-15T11:28:00.220Z
50572,theirishsun,2022-07-15T11:28:00.220Z
50573,theirishsun,2022-07-15T11:28:00.220Z
50574,theirishsun,2022-07-15T11:28:00.220Z
50575,theirishsun,2022-07-15T11:28:00.220Z
50576,theirishsun,2022-07-15T11:28:00.220Z
50577,theirishsun,2022-07-15T11:28:00.220Z
50578,theirishsun,2022-07-15T11:28:00.220Z
50579,theirishsun,2022-07-15T11:28:00.220Z
50580,theirishsun,2022-07-15T11:28:00.220Z
50581,theirishsun,2022-07-15T11:28:00.220Z
50582,theirishsun,2022-07-15T11:28:00.220Z
50583,theirishsun,2022-07-15T11:28:00.220Z
50584,theirishsun,2022-07-15T11:28:00.220Z
50585,theirishsun,2022-07-15T11:28:00.220Z
50586,theirishsun,2022-07-15T11:28:00.220Z
50587,theirishsun,2022-07-15T11:28:00.220Z
50588,theirishsun,2022-07-15T11:28:00.220Z
50589,theirishsun,2022-07-15T11:28:00.220Z
50590,theirishsun,2022-07-15T11:28:00.220Z
50591,theirishsun,2022-07-15T11:28:00.220Z
50592,theirishsun,2022-07-15T11:28:00.220Z
50593,theirishsun,2022-07-15T11:28:00.220Z
50594,theirishsun,2022-07-15T11:28:00.220Z
50595,theirishsun,2022-07-15T11:28:00.220Z
50596,theirishsun,2022-07-15T11:28:00.220Z
50597,theirishsun,2022-07-15T11:28:00.220Z
50598,theirishsun,2022-07-15T11:28:00.220Z
50599,theirishsun,2022-07-15T11:28:00.220Z
50600,theirishsun,2022-07-15T11:28:00.220Z
